News Organization,Tweet Number,Compound Score,Positive Score,Negative Score,Neutral Score
@BBC,49.5,0.14233700000000002,0.09632999999999997,0.04696000000000001,0.8567199999999999
@CBS,49.5,0.3335879999999999,0.18552,0.01504,0.7994499999999997
@CNN,49.5,-0.007832999999999998,0.06484000000000001,0.060779999999999994,0.8744000000000001
@FoxNews,49.5,-0.022805,0.07705999999999999,0.09418999999999997,0.8287399999999999
@nytimes,49.5,0.019747000000000008,0.07479999999999999,0.06666,0.85854
